{"train_loss": 0.06700760536385093, "train_accuracy": 96.8087310589917, "train_IoU": 0.7650289151224112, "_runtime": 561, "_timestamp": 1649766396, "_step": 5, "val_loss": 0.2532616896360628, "val_acc": 90.17238569756705, "val_IoU": 0.582051895851615, "test_loss": 0.28007499211224096, "test_accuracy": 90.10915345989908, "test_IoU": 0.5477041161992297, "_wandb": {"runtime": 560}}