{"train_loss": 0.1315906442846411, "train_accuracy": 94.38653530521734, "train_IoU": 0.6633966538972579, "_runtime": 276, "_timestamp": 1649701080, "_step": 0, "_wandb": {"runtime": 276}}