{"train_loss": 0.16126206288239844, "train_accuracy": 92.6365006106168, "train_IoU": 0.7023560213175672, "_runtime": 1955, "_timestamp": 1649699924, "_step": 0, "_wandb": {"runtime": 1956}}