{"val_loss": 0.2785341728249887, "train_accuracy": 97.31819582592959, "train_IoU": 0.793653486221028, "_runtime": 1103, "_timestamp": 1649678937, "_step": 7, "val_acc": 89.72994059581949, "val_IoU": 0.548151924339175}