{"train_loss": 0.07156229041155344, "train_accuracy": 96.55956417845721, "train_IoU": 0.7685998040392821, "_runtime": 531, "_timestamp": 1649702232, "_step": 5, "val_loss": 0.13209641486658064, "val_acc": 95.8578856152513, "val_IoU": 0.5171457651689241, "test_loss": 0.45091291445561466, "test_accuracy": 89.58823330057275, "test_IoU": 0.4599744860879417, "_wandb": {"runtime": 531}}