{"train_loss": 0.14597171769461464, "train_accuracy": 93.038183437879, "train_IoU": 0.7323144790038804, "_runtime": 1983, "_timestamp": 1649782159, "_step": 5, "val_loss": 0.15712568135930993, "val_acc": 93.95708309469856, "val_IoU": 0.6382629571446433, "test_loss": 0.19391172306830343, "test_accuracy": 92.31675485008819, "test_IoU": 0.5904624051819042, "_wandb": {"runtime": 1982}}