{"train_loss": 0.11798315514516315, "train_accuracy": 94.33658992442115, "train_IoU": 0.7533255420401268, "_runtime": 4134, "_timestamp": 1649772249, "_step": 5, "val_loss": 0.228618772045959, "val_acc": 89.84234543701557, "val_IoU": 0.5403139156433127, "test_loss": 0.27675612961109436, "test_accuracy": 89.72980064983676, "test_IoU": 0.6264352870044272, "_wandb": {"runtime": 4140}}